{
    "shop": [
        {
            "list": ["[{\"k\":1,\"v\":284973},{\"k\":6,\"v\":88812},{\"k\":1000,\"v\":95},{\"k\":1001,\"v\":23},{\"k\":1002,\"v\":1},{\"k\":1007,\"v\":1},{\"k\":2000,\"v\":1603332519},{\"k\":2001,\"v\":15000},{\"k\":3000,\"v\":{\"args\":[],\"slot\":1,\"type\":2000026}},{\"k\":4001},{\"k\":4002}]", 
                "[{\"k\":1,\"v\":342089},{\"k\":13,\"v\":95402},{\"k\":1000,\"v\":65},{\"k\":1001,\"v\":26},{\"k\":1002,\"v\":1},{\"k\":1007,\"v\":1},{\"k\":2000,\"v\":1603332519},{\"k\":2001,\"v\":15000},{\"k\":3000,\"v\":{\"args\":[],\"slot\":0,\"type\":1000017}},{\"k\":4001},{\"k\":4002}]", 
                "[{\"k\":1,\"v\":125666},{\"k\":5,\"v\":42453},{\"k\":9,\"v\":64374},{\"k\":1000,\"v\":107},{\"k\":1001,\"v\":5},{\"k\":1002,\"v\":2},{\"k\":1007,\"v\":1},{\"k\":2000,\"v\":1603332519},{\"k\":2001,\"v\":22834},{\"k\":3000,\"v\":{\"slot\":0,\"type\":1000016}},{\"k\":3000,\"v\":{\"args\":[],\"slot\":1,\"type\":2000028}},{\"k\":4001},{\"k\":4002}]", 
                "[{\"k\":1,\"v\":361809},{\"k\":5,\"v\":8568},{\"k\":13,\"v\":95672},{\"k\":1000,\"v\":70},{\"k\":1001,\"v\":28},{\"k\":1002,\"v\":2},{\"k\":1007,\"v\":1},{\"k\":2000,\"v\":1603332519},{\"k\":2001,\"v\":21591},{\"k\":4001},{\"k\":4002}]", 
                "[{\"k\":1,\"v\":126959},{\"k\":1000,\"v\":160},{\"k\":1001,\"v\":5},{\"k\":1002,\"v\":0},{\"k\":1007,\"v\":1},{\"k\":2000,\"v\":1603332519},{\"k\":2001,\"v\":10250},{\"k\":4001},{\"k\":4002}]", 
                "[{\"k\":1,\"v\":369097},{\"k\":12,\"v\":84253},{\"k\":1000,\"v\":103},{\"k\":1001,\"v\":27},{\"k\":1002,\"v\":1},{\"k\":1007,\"v\":1},{\"k\":2000,\"v\":1603332519},{\"k\":2001,\"v\":15000},{\"k\":3000,\"v\":{\"slot\":1,\"type\":2000000}},{\"k\":4001},{\"k\":4002}]", 
                "[{\"k\":1,\"v\":226914},{\"k\":45,\"v\":94545},{\"k\":1000,\"v\":45},{\"k\":1001,\"v\":17},{\"k\":1002,\"v\":1},{\"k\":1007,\"v\":1},{\"k\":2000,\"v\":1603332519},{\"k\":2001,\"v\":15000},{\"k\":3000,\"v\":{\"slot\":1,\"type\":2000024}},{\"k\":4001},{\"k\":4002}]", 
                "[{\"k\":1,\"v\":243294},{\"k\":10,\"v\":4568},{\"k\":1000,\"v\":58},{\"k\":1001,\"v\":18},{\"k\":1002,\"v\":1},{\"k\":1007,\"v\":1},{\"k\":2000,\"v\":1603332519},{\"k\":2001,\"v\":15000},{\"k\":3000,\"v\":{\"args\":[],\"slot\":1,\"type\":2000019}},{\"k\":4001},{\"k\":4002}]", 
                "[{\"k\":1,\"v\":421215},{\"k\":11,\"v\":87021},{\"k\":1000,\"v\":103},{\"k\":1001,\"v\":30},{\"k\":1002,\"v\":1},{\"k\":1007,\"v\":1},{\"k\":2000,\"v\":1603332519},{\"k\":2001,\"v\":15000},{\"k\":3000,\"v\":{\"slot\":1,\"type\":2000000}},{\"k\":4001},{\"k\":4002}]", 
                "[{\"k\":1,\"v\":606402},{\"k\":1000,\"v\":4004},{\"k\":1001,\"v\":30},{\"k\":1002,\"v\":2},{\"k\":1007,\"v\":1},{\"k\":2000,\"v\":1603332519},{\"k\":2001,\"v\":24280},{\"k\":3000,\"v\":{\"args\":[],\"slot\":2,\"type\":2000031}}]", 
                "[{\"k\":1,\"v\":410370},{\"k\":9,\"v\":49683},{\"k\":1000,\"v\":201},{\"k\":1001,\"v\":30},{\"k\":1002,\"v\":1},{\"k\":1007,\"v\":1},{\"k\":2000,\"v\":1603332519},{\"k\":2001,\"v\":15000},{\"k\":3000,\"v\":{\"slot\":1,\"type\":2000027}},{\"k\":4001},{\"k\":4002}]", 
                "[{\"k\":1,\"v\":401948},{\"k\":11,\"v\":53239},{\"k\":13,\"v\":86573},{\"k\":1000,\"v\":241},{\"k\":1001,\"v\":30},{\"k\":1002,\"v\":2},{\"k\":1007,\"v\":1},{\"k\":2000,\"v\":1603332519},{\"k\":2001,\"v\":23337},{\"k\":3000,\"v\":{\"args\":[],\"slot\":1,\"type\":2000028}},{\"k\":3000,\"v\":{\"args\":[74664],\"slot\":0,\"type\":1000019}},{\"k\":4001},{\"k\":4002}]", 
                "[{\"k\":1,\"v\":410332},{\"k\":11,\"v\":20858},{\"k\":13,\"v\":53667},{\"k\":1000,\"v\":23},{\"k\":1001,\"v\":30},{\"k\":1002,\"v\":2},{\"k\":1007,\"v\":1},{\"k\":2000,\"v\":1603332519},{\"k\":2001,\"v\":20377},{\"k\":3000,\"v\":{\"args\":[],\"slot\":0,\"type\":1000022}},{\"k\":3000,\"v\":{\"slot\":1,\"type\":2000047}},{\"k\":4001},{\"k\":4002}]", 
                "[{\"k\":1,\"v\":424590},{\"k\":10,\"v\":17331},{\"k\":13,\"v\":67523},{\"k\":45,\"v\":98325},{\"k\":1000,\"v\":217},{\"k\":1001,\"v\":30},{\"k\":1002,\"v\":3},{\"k\":1007,\"v\":1},{\"k\":2000,\"v\":1603332519},{\"k\":2001,\"v\":38639},{\"k\":3000,\"v\":{\"slot\":0,\"type\":1000025}},{\"k\":3000,\"v\":{\"args\":[34827],\"slot\":1,\"type\":2000032}},{\"k\":3000,\"v\":{\"slot\":0,\"type\":1000011}},{\"k\":3000,\"v\":{\"args\":[],\"slot\":4,\"type\":2000001}},{\"k\":4001},{\"k\":4002}]", 
                "[{\"k\":1,\"v\":415285},{\"k\":10,\"v\":41618},{\"k\":12,\"v\":97492},{\"k\":1000,\"v\":103},{\"k\":1001,\"v\":30},{\"k\":1002,\"v\":2},{\"k\":1007,\"v\":1},{\"k\":2000,\"v\":1603332519},{\"k\":2001,\"v\":24140},{\"k\":3000,\"v\":{\"slot\":1,\"type\":2000000}},{\"k\":3000,\"v\":{\"slot\":0,\"type\":1000021}},{\"k\":4001},{\"k\":4002}]", 
                "[{\"k\":25,\"v\":10577},{\"k\":1000,\"v\":5002},{\"k\":1001,\"v\":1},{\"k\":1002,\"v\":3},{\"k\":1007,\"v\":1},{\"k\":2000,\"v\":1603332519},{\"k\":2001,\"v\":18001}]", 
                "[{\"k\":24,\"v\":2109},{\"k\":1000,\"v\":5001},{\"k\":1001,\"v\":1},{\"k\":1002,\"v\":1},{\"k\":1007,\"v\":1},{\"k\":2000,\"v\":1603332519},{\"k\":2001,\"v\":7500}]", 
                "[{\"k\":9,\"v\":-25000},{\"k\":1000,\"v\":5002},{\"k\":1001,\"v\":1},{\"k\":1002,\"v\":0},{\"k\":1007,\"v\":1},{\"k\":2000,\"v\":1603332519},{\"k\":2001,\"v\":5104}]", 
                "[{\"k\":26,\"v\":1105},{\"k\":1000,\"v\":5002},{\"k\":1001,\"v\":1},{\"k\":1002,\"v\":2},{\"k\":1007,\"v\":1},{\"k\":2000,\"v\":1603332519},{\"k\":2001,\"v\":11427}]", 
                "[{\"k\":19,\"v\":1487},{\"k\":1000,\"v\":5000},{\"k\":1001,\"v\":1},{\"k\":1002,\"v\":0},{\"k\":1007,\"v\":1},{\"k\":2000,\"v\":1603332519},{\"k\":2001,\"v\":5058}]"
            ], 
            "time": 1596207600
        }, 
        {
            "list": ["[{\"k\":1,\"v\":270300},{\"k\":12,\"v\":3839},{\"k\":13,\"v\":19754},{\"k\":1000,\"v\":45},{\"k\":1001,\"v\":22},{\"k\":1002,\"v\":2},{\"k\":1007,\"v\":1},{\"k\":2000,\"v\":1603332519},{\"k\":2001,\"v\":22676},{\"k\":3000,\"v\":{\"args\":[89464,15063],\"slot\":0,\"type\":1000014}},{\"k\":3000,\"v\":{\"args\":[],\"slot\":1,\"type\":2000001}},{\"k\":4001},{\"k\":4002}]", 
                "[{\"k\":1,\"v\":288664},{\"k\":1000,\"v\":2002},{\"k\":1001,\"v\":15},{\"k\":1002,\"v\":1},{\"k\":1007,\"v\":1},{\"k\":2000,\"v\":1603332519},{\"k\":2001,\"v\":15000},{\"k\":3000,\"v\":{\"args\":[],\"slot\":3,\"type\":2002}}]", 
                "[{\"k\":1,\"v\":207204},{\"k\":1000,\"v\":14},{\"k\":1001,\"v\":15},{\"k\":1002,\"v\":0},{\"k\":1007,\"v\":1},{\"k\":2000,\"v\":1603332519},{\"k\":2001,\"v\":10068},{\"k\":4001},{\"k\":4002}]", 
                "[{\"k\":1,\"v\":407981},{\"k\":1000,\"v\":2008},{\"k\":1001,\"v\":15},{\"k\":1002,\"v\":2},{\"k\":1007,\"v\":1},{\"k\":2000,\"v\":1603332519},{\"k\":2001,\"v\":20270},{\"k\":3000,\"v\":{\"args\":[],\"slot\":3,\"type\":2008}}]", 
                "[{\"k\":1,\"v\":111364},{\"k\":11,\"v\":66394},{\"k\":1000,\"v\":83},{\"k\":1001,\"v\":5},{\"k\":1002,\"v\":1},{\"k\":1007,\"v\":1},{\"k\":2000,\"v\":1603332519},{\"k\":2001,\"v\":15000},{\"k\":3000,\"v\":{\"slot\":1,\"type\":2000047}},{\"k\":4001},{\"k\":4002}]", 
                "[{\"k\":1,\"v\":176839},{\"k\":45,\"v\":20173},{\"k\":1000,\"v\":70},{\"k\":1001,\"v\":14},{\"k\":1002,\"v\":1},{\"k\":1007,\"v\":1},{\"k\":2000,\"v\":1603332519},{\"k\":2001,\"v\":15000},{\"k\":4001},{\"k\":4002}]", 
                "[{\"k\":1,\"v\":205707},{\"k\":5,\"v\":75509},{\"k\":1000,\"v\":110},{\"k\":1001,\"v\":16},{\"k\":1002,\"v\":1},{\"k\":1007,\"v\":1},{\"k\":2000,\"v\":1603332519},{\"k\":2001,\"v\":15000},{\"k\":3000,\"v\":{\"args\":[],\"slot\":0,\"type\":1000000}},{\"k\":4001},{\"k\":4002}]", 
                "[{\"k\":1,\"v\":210477},{\"k\":45,\"v\":3270},{\"k\":1000,\"v\":207},{\"k\":1001,\"v\":15},{\"k\":1002,\"v\":1},{\"k\":1007,\"v\":1},{\"k\":2000,\"v\":1603332519},{\"k\":2001,\"v\":15000},{\"k\":3000,\"v\":{\"args\":[38602],\"slot\":0,\"type\":1000015}},{\"k\":4001},{\"k\":4002}]", 
                "[{\"k\":1,\"v\":412599},{\"k\":11,\"v\":99538},{\"k\":13,\"v\":8663},{\"k\":1000,\"v\":274},{\"k\":1001,\"v\":30},{\"k\":1002,\"v\":2},{\"k\":1007,\"v\":1},{\"k\":2000,\"v\":1603332519},{\"k\":2001,\"v\":22562},{\"k\":3000,\"v\":{\"args\":[0],\"slot\":1,\"type\":2000035}},{\"k\":3000,\"v\":{\"slot\":0,\"type\":1000021}},{\"k\":4001},{\"k\":4002}]", 
                "[{\"k\":1,\"v\":417647},{\"k\":5,\"v\":82528},{\"k\":6,\"v\":75588},{\"k\":1000,\"v\":377},{\"k\":1001,\"v\":30},{\"k\":1002,\"v\":2},{\"k\":1007,\"v\":1},{\"k\":2000,\"v\":1603332519},{\"k\":2001,\"v\":23214},{\"k\":3000,\"v\":{\"slot\":0,\"type\":1000025}},{\"k\":3000,\"v\":{\"slot\":1,\"type\":2000038}},{\"k\":4001},{\"k\":4002}]", 
                "[{\"k\":1,\"v\":517240},{\"k\":1000,\"v\":4004},{\"k\":1001,\"v\":30},{\"k\":1002,\"v\":1},{\"k\":1007,\"v\":1},{\"k\":2000,\"v\":1603332519},{\"k\":2001,\"v\":15000},{\"k\":3000,\"v\":{\"args\":[],\"slot\":2,\"type\":2000031}}]", 
                "[{\"k\":1,\"v\":411777},{\"k\":11,\"v\":83782},{\"k\":1000,\"v\":126},{\"k\":1001,\"v\":30},{\"k\":1002,\"v\":1},{\"k\":1007,\"v\":1},{\"k\":2000,\"v\":1603332519},{\"k\":2001,\"v\":15000},{\"k\":3000,\"v\":{\"args\":[21770],\"slot\":1,\"type\":2000002}},{\"k\":4001},{\"k\":4002}]", 
                "[{\"k\":1,\"v\":413086},{\"k\":6,\"v\":77411},{\"k\":13,\"v\":77044},{\"k\":1000,\"v\":165},{\"k\":1001,\"v\":30},{\"k\":1002,\"v\":2},{\"k\":1007,\"v\":1},{\"k\":2000,\"v\":1603332519},{\"k\":2001,\"v\":20295},{\"k\":3000,\"v\":{\"slot\":0,\"type\":1000021}},{\"k\":3000,\"v\":{\"args\":[],\"slot\":1,\"type\":2000001}},{\"k\":4001},{\"k\":4002}]", 
                "[{\"k\":1,\"v\":400196},{\"k\":11,\"v\":8936},{\"k\":13,\"v\":68589},{\"k\":1000,\"v\":90},{\"k\":1001,\"v\":30},{\"k\":1002,\"v\":2},{\"k\":1007,\"v\":1},{\"k\":2000,\"v\":1603332519},{\"k\":2001,\"v\":22395},{\"k\":3000,\"v\":{\"args\":[],\"slot\":0,\"type\":1000000}},{\"k\":3000,\"v\":{\"args\":[2999],\"slot\":1,\"type\":2000006}},{\"k\":4001},{\"k\":4002}]", 
                "[{\"k\":1,\"v\":415034},{\"k\":9,\"v\":38365},{\"k\":13,\"v\":94107},{\"k\":45,\"v\":88421},{\"k\":1000,\"v\":201},{\"k\":1001,\"v\":30},{\"k\":1002,\"v\":3},{\"k\":1007,\"v\":1},{\"k\":2000,\"v\":1603332519},{\"k\":2001,\"v\":37244},{\"k\":3000,\"v\":{\"args\":[],\"slot\":0,\"type\":1000022}},{\"k\":3000,\"v\":{\"slot\":1,\"type\":2000047}},{\"k\":3000,\"v\":{\"slot\":0,\"type\":1000002}},{\"k\":3000,\"v\":{\"slot\":4,\"type\":2000024}},{\"k\":4001},{\"k\":4002}]", 
                "[{\"k\":25,\"v\":7664},{\"k\":1000,\"v\":5002},{\"k\":1001,\"v\":1},{\"k\":1002,\"v\":1},{\"k\":1007,\"v\":1},{\"k\":2000,\"v\":1603332519},{\"k\":2001,\"v\":7500}]", 
                "[{\"k\":13,\"v\":26248},{\"k\":1000,\"v\":5002},{\"k\":1001,\"v\":1},{\"k\":1002,\"v\":1},{\"k\":1007,\"v\":1},{\"k\":2000,\"v\":1603332519},{\"k\":2001,\"v\":7500}]", 
                "[{\"k\":15,\"v\":1959},{\"k\":1000,\"v\":5000},{\"k\":1001,\"v\":1},{\"k\":1002,\"v\":0},{\"k\":1007,\"v\":1},{\"k\":2000,\"v\":1603332519},{\"k\":2001,\"v\":5111}]", 
                "[{\"k\":13,\"v\":4574},{\"k\":1000,\"v\":5002},{\"k\":1001,\"v\":1},{\"k\":1002,\"v\":0},{\"k\":1007,\"v\":1},{\"k\":2000,\"v\":1603332519},{\"k\":2001,\"v\":5090}]", 
                "[{\"k\":15,\"v\":3755},{\"k\":1000,\"v\":5000},{\"k\":1001,\"v\":1},{\"k\":1002,\"v\":1},{\"k\":1007,\"v\":1},{\"k\":2000,\"v\":1603332519},{\"k\":2001,\"v\":7500}]"
            ], 
            "time": 1596812400
        }, 
        {
            "list": ["[{\"k\":1,\"v\":146411},{\"k\":1000,\"v\":108},{\"k\":1001,\"v\":8},{\"k\":1002,\"v\":0},{\"k\":1007,\"v\":1},{\"k\":2000,\"v\":1603332519},{\"k\":2001,\"v\":10186},{\"k\":4001},{\"k\":4002}]", 
                "[{\"k\":1,\"v\":170233},{\"k\":5,\"v\":81823},{\"k\":11,\"v\":33994},{\"k\":45,\"v\":41077},{\"k\":1000,\"v\":11},{\"k\":1001,\"v\":11},{\"k\":1002,\"v\":3},{\"k\":1007,\"v\":1},{\"k\":2000,\"v\":1603332519},{\"k\":2001,\"v\":37827},{\"k\":3000,\"v\":{\"slot\":1,\"type\":2000027}},{\"k\":4001},{\"k\":4002}]", 
                "[{\"k\":1,\"v\":219923},{\"k\":1000,\"v\":165},{\"k\":1001,\"v\":16},{\"k\":1002,\"v\":0},{\"k\":1007,\"v\":1},{\"k\":2000,\"v\":1603332519},{\"k\":2001,\"v\":10081},{\"k\":4001},{\"k\":4002}]", 
                "[{\"k\":1,\"v\":140745},{\"k\":10,\"v\":22717},{\"k\":1000,\"v\":24},{\"k\":1001,\"v\":6},{\"k\":1002,\"v\":1},{\"k\":1007,\"v\":1},{\"k\":2000,\"v\":1603332519},{\"k\":2001,\"v\":15000},{\"k\":3000,\"v\":{\"slot\":1,\"type\":2000000}},{\"k\":4001},{\"k\":4002}]", 
                "[{\"k\":1,\"v\":351133},{\"k\":10,\"v\":86195},{\"k\":11,\"v\":10063},{\"k\":12,\"v\":31586},{\"k\":1000,\"v\":3},{\"k\":1001,\"v\":27},{\"k\":1002,\"v\":3},{\"k\":1007,\"v\":1},{\"k\":2000,\"v\":1603332519},{\"k\":2001,\"v\":36316},{\"k\":3000,\"v\":{\"slot\":1,\"type\":2000000}},{\"k\":3000,\"v\":{\"args\":[],\"slot\":0,\"type\":1000022}},{\"k\":3000,\"v\":{\"slot\":0,\"type\":1000010}},{\"k\":3000,\"v\":{\"slot\":4,\"type\":2000003}},{\"k\":4001},{\"k\":4002}]", 
                "[{\"k\":1,\"v\":342123},{\"k\":5,\"v\":37005},{\"k\":1000,\"v\":74},{\"k\":1001,\"v\":27},{\"k\":1002,\"v\":1},{\"k\":1007,\"v\":1},{\"k\":2000,\"v\":1603332519},{\"k\":2001,\"v\":15000},{\"k\":3000,\"v\":{\"slot\":1,\"type\":2000003}},{\"k\":4001},{\"k\":4002}]", 
                "[{\"k\":1,\"v\":324812},{\"k\":6,\"v\":75043},{\"k\":1000,\"v\":12},{\"k\":1001,\"v\":25},{\"k\":1002,\"v\":1},{\"k\":1007,\"v\":1},{\"k\":2000,\"v\":1603332519},{\"k\":2001,\"v\":15000},{\"k\":3000,\"v\":{\"args\":[],\"slot\":0,\"type\":1000023}},{\"k\":4001},{\"k\":4002}]", 
                "[{\"k\":1,\"v\":203445},{\"k\":10,\"v\":13321},{\"k\":11,\"v\":50944},{\"k\":1000,\"v\":279},{\"k\":1001,\"v\":16},{\"k\":1002,\"v\":2},{\"k\":1007,\"v\":1},{\"k\":2000,\"v\":1603332519},{\"k\":2001,\"v\":20108},{\"k\":3000,\"v\":{\"args\":[],\"slot\":1,\"type\":2000048}},{\"k\":3000,\"v\":{\"args\":[53422,9581],\"slot\":0,\"type\":1000014}},{\"k\":4001},{\"k\":4002}]", 
                "[{\"k\":1,\"v\":411809},{\"k\":5,\"v\":15169},{\"k\":6,\"v\":98146},{\"k\":1000,\"v\":163},{\"k\":1001,\"v\":30},{\"k\":1002,\"v\":2},{\"k\":1007,\"v\":1},{\"k\":2000,\"v\":1603332519},{\"k\":2001,\"v\":22293},{\"k\":3000,\"v\":{\"args\":[],\"slot\":0,\"type\":1000000}},{\"k\":3000,\"v\":{\"slot\":1,\"type\":2000047}},{\"k\":4001},{\"k\":4002}]", 
                "[{\"k\":1,\"v\":413198},{\"k\":5,\"v\":93192},{\"k\":6,\"v\":27768},{\"k\":13,\"v\":79249},{\"k\":1000,\"v\":145},{\"k\":1001,\"v\":30},{\"k\":1002,\"v\":3},{\"k\":1007,\"v\":1},{\"k\":2000,\"v\":1603332519},{\"k\":2001,\"v\":36523},{\"k\":3000,\"v\":{\"args\":[],\"slot\":0,\"type\":1000022}},{\"k\":3000,\"v\":{\"slot\":1,\"type\":2000046}},{\"k\":3000,\"v\":{\"slot\":0,\"type\":1000004}},{\"k\":3000,\"v\":{\"args\":[],\"slot\":4,\"type\":2000026}},{\"k\":4001},{\"k\":4002}]", 
                "[{\"k\":1,\"v\":609316},{\"k\":1000,\"v\":2009},{\"k\":1001,\"v\":30},{\"k\":1002,\"v\":1},{\"k\":1007,\"v\":1},{\"k\":2000,\"v\":1603332519},{\"k\":2001,\"v\":15000},{\"k\":3000,\"v\":{\"args\":[],\"slot\":3,\"type\":2009}}]", 
                "[{\"k\":1,\"v\":406270},{\"k\":5,\"v\":85932},{\"k\":1000,\"v\":67},{\"k\":1001,\"v\":30},{\"k\":1002,\"v\":1},{\"k\":1007,\"v\":1},{\"k\":2000,\"v\":1603332519},{\"k\":2001,\"v\":15000},{\"k\":4001},{\"k\":4002}]", 
                "[{\"k\":1,\"v\":399170},{\"k\":12,\"v\":72488},{\"k\":1000,\"v\":47},{\"k\":1001,\"v\":30},{\"k\":1002,\"v\":1},{\"k\":1007,\"v\":1},{\"k\":2000,\"v\":1603332519},{\"k\":2001,\"v\":15000},{\"k\":3000,\"v\":{\"slot\":1,\"type\":2000000}},{\"k\":4001},{\"k\":4002}]", 
                "[{\"k\":1,\"v\":409524},{\"k\":6,\"v\":65103},{\"k\":11,\"v\":38468},{\"k\":13,\"v\":42192},{\"k\":1000,\"v\":107},{\"k\":1001,\"v\":30},{\"k\":1002,\"v\":3},{\"k\":1007,\"v\":1},{\"k\":2000,\"v\":1603332519},{\"k\":2001,\"v\":39402},{\"k\":3000,\"v\":{\"args\":[40232],\"slot\":0,\"type\":1000019}},{\"k\":3000,\"v\":{\"args\":[],\"slot\":1,\"type\":2000018}},{\"k\":3000,\"v\":{\"slot\":0,\"type\":1000002}},{\"k\":3000,\"v\":{\"slot\":4,\"type\":2000020}},{\"k\":4001},{\"k\":4002}]", 
                "[{\"k\":1,\"v\":397812},{\"k\":10,\"v\":32410},{\"k\":11,\"v\":14150},{\"k\":1000,\"v\":90},{\"k\":1001,\"v\":30},{\"k\":1002,\"v\":2},{\"k\":1007,\"v\":1},{\"k\":2000,\"v\":1603332519},{\"k\":2001,\"v\":20233},{\"k\":3000,\"v\":{\"slot\":0,\"type\":1000018}},{\"k\":3000,\"v\":{\"slot\":1,\"type\":2000003}},{\"k\":4001},{\"k\":4002}]", 
                "[{\"k\":17,\"v\":1232},{\"k\":1000,\"v\":5000},{\"k\":1001,\"v\":1},{\"k\":1002,\"v\":0},{\"k\":1007,\"v\":1},{\"k\":2000,\"v\":1603332519},{\"k\":2001,\"v\":5243}]", 
                "[{\"k\":6,\"v\":25007},{\"k\":1000,\"v\":5000},{\"k\":1001,\"v\":1},{\"k\":1002,\"v\":1},{\"k\":1007,\"v\":1},{\"k\":2000,\"v\":1603332519},{\"k\":2001,\"v\":7500}]", 
                "[{\"k\":6,\"v\":21670},{\"k\":1000,\"v\":5000},{\"k\":1001,\"v\":1},{\"k\":1002,\"v\":1},{\"k\":1007,\"v\":1},{\"k\":2000,\"v\":1603332519},{\"k\":2001,\"v\":7500}]", 
                "[{\"k\":16,\"v\":1659},{\"k\":1000,\"v\":5000},{\"k\":1001,\"v\":1},{\"k\":1002,\"v\":1},{\"k\":1007,\"v\":1},{\"k\":2000,\"v\":1603332519},{\"k\":2001,\"v\":7500}]", 
                "[{\"k\":17,\"v\":2618},{\"k\":1000,\"v\":5000},{\"k\":1001,\"v\":1},{\"k\":1002,\"v\":1},{\"k\":1007,\"v\":1},{\"k\":2000,\"v\":1603332519},{\"k\":2001,\"v\":7500}]"
            ], 
            "time": 1597417200
        }, 
        {
            "list": ["[{\"k\":1,\"v\":178008},{\"k\":45,\"v\":1922},{\"k\":1000,\"v\":27},{\"k\":1001,\"v\":12},{\"k\":1002,\"v\":1},{\"k\":1007,\"v\":1},{\"k\":2000,\"v\":1603332519},{\"k\":2001,\"v\":15000},{\"k\":3000,\"v\":{\"slot\":1,\"type\":2000000}},{\"k\":4001},{\"k\":4002}]", 
                "[{\"k\":1,\"v\":188061},{\"k\":1000,\"v\":1},{\"k\":1001,\"v\":15},{\"k\":1002,\"v\":0},{\"k\":1007,\"v\":1},{\"k\":2000,\"v\":1603332519},{\"k\":2001,\"v\":10324},{\"k\":4001},{\"k\":4002}]", 
                "[{\"k\":1,\"v\":167577},{\"k\":6,\"v\":3347},{\"k\":1000,\"v\":12},{\"k\":1001,\"v\":13},{\"k\":1002,\"v\":1},{\"k\":1007,\"v\":1},{\"k\":2000,\"v\":1603332519},{\"k\":2001,\"v\":15000},{\"k\":3000,\"v\":{\"args\":[97246,21458],\"slot\":0,\"type\":1000014}},{\"k\":4001},{\"k\":4002}]", 
                "[{\"k\":1,\"v\":165396},{\"k\":11,\"v\":42262},{\"k\":1000,\"v\":221},{\"k\":1001,\"v\":12},{\"k\":1002,\"v\":1},{\"k\":1007,\"v\":1},{\"k\":2000,\"v\":1603332519},{\"k\":2001,\"v\":15000},{\"k\":3000,\"v\":{\"args\":[],\"slot\":0,\"type\":1000017}},{\"k\":4001},{\"k\":4002}]", 
                "[{\"k\":1,\"v\":280066},{\"k\":11,\"v\":44002},{\"k\":13,\"v\":51121},{\"k\":1000,\"v\":274},{\"k\":1001,\"v\":21},{\"k\":1002,\"v\":2},{\"k\":1007,\"v\":1},{\"k\":2000,\"v\":1603332519},{\"k\":2001,\"v\":22855},{\"k\":3000,\"v\":{\"args\":[0],\"slot\":1,\"type\":2000035}},{\"k\":3000,\"v\":{\"slot\":0,\"type\":1000027}},{\"k\":4001},{\"k\":4002}]", 
                "[{\"k\":1,\"v\":294705},{\"k\":5,\"v\":81689},{\"k\":1000,\"v\":257},{\"k\":1001,\"v\":23},{\"k\":1002,\"v\":1},{\"k\":1007,\"v\":1},{\"k\":2000,\"v\":1603332519},{\"k\":2001,\"v\":15000},{\"k\":3000,\"v\":{\"slot\":1,\"type\":2000046}},{\"k\":4001},{\"k\":4002}]", 
                "[{\"k\":1,\"v\":352225},{\"k\":12,\"v\":55934},{\"k\":1000,\"v\":26},{\"k\":1001,\"v\":26},{\"k\":1002,\"v\":1},{\"k\":1007,\"v\":1},{\"k\":2000,\"v\":1603332519},{\"k\":2001,\"v\":15000},{\"k\":4001},{\"k\":4002}]", 
                "[{\"k\":1,\"v\":420973},{\"k\":9,\"v\":42259},{\"k\":1000,\"v\":27},{\"k\":1001,\"v\":30},{\"k\":1002,\"v\":1},{\"k\":1007,\"v\":1},{\"k\":2000,\"v\":1603332519},{\"k\":2001,\"v\":15000},{\"k\":3000,\"v\":{\"slot\":1,\"type\":2000000}},{\"k\":4001},{\"k\":4002}]", 
                "[{\"k\":1,\"v\":413094},{\"k\":5,\"v\":90062},{\"k\":9,\"v\":25150},{\"k\":1000,\"v\":165},{\"k\":1001,\"v\":30},{\"k\":1002,\"v\":2},{\"k\":1007,\"v\":1},{\"k\":2000,\"v\":1603332519},{\"k\":2001,\"v\":22402},{\"k\":3000,\"v\":{\"args\":[36655],\"slot\":0,\"type\":1000015}},{\"k\":3000,\"v\":{\"slot\":1,\"type\":2000020}},{\"k\":4001},{\"k\":4002}]", 
                "[{\"k\":1,\"v\":418707},{\"k\":9,\"v\":98487},{\"k\":1000,\"v\":28},{\"k\":1001,\"v\":30},{\"k\":1002,\"v\":1},{\"k\":1007,\"v\":1},{\"k\":2000,\"v\":1603332519},{\"k\":2001,\"v\":15000},{\"k\":3000,\"v\":{\"slot\":1,\"type\":2000046}},{\"k\":4001},{\"k\":4002}]", 
                "[{\"k\":1,\"v\":420245},{\"k\":6,\"v\":57177},{\"k\":13,\"v\":91916},{\"k\":1000,\"v\":30},{\"k\":1001,\"v\":30},{\"k\":1002,\"v\":2},{\"k\":1007,\"v\":1},{\"k\":2000,\"v\":1603332519},{\"k\":2001,\"v\":22560},{\"k\":3000,\"v\":{\"args\":[],\"slot\":0,\"type\":1000022}},{\"k\":3000,\"v\":{\"slot\":1,\"type\":2000038}},{\"k\":4001},{\"k\":4002}]", 
                "[{\"k\":1,\"v\":416001},{\"k\":11,\"v\":4899},{\"k\":12,\"v\":54653},{\"k\":1000,\"v\":17},{\"k\":1001,\"v\":30},{\"k\":1002,\"v\":2},{\"k\":1007,\"v\":1},{\"k\":2000,\"v\":1603332519},{\"k\":2001,\"v\":24752},{\"k\":4001},{\"k\":4002}]", 
                "[{\"k\":1,\"v\":407730},{\"k\":10,\"v\":69152},{\"k\":11,\"v\":99026},{\"k\":12,\"v\":64398},{\"k\":1000,\"v\":103},{\"k\":1001,\"v\":30},{\"k\":1002,\"v\":3},{\"k\":1007,\"v\":1},{\"k\":2000,\"v\":1603332519},{\"k\":2001,\"v\":37892},{\"k\":3000,\"v\":{\"slot\":1,\"type\":2000000}},{\"k\":3000,\"v\":{\"args\":[79095],\"slot\":0,\"type\":1000024}},{\"k\":3000,\"v\":{\"slot\":0,\"type\":1000012}},{\"k\":3000,\"v\":{\"slot\":4,\"type\":2000046}},{\"k\":4001},{\"k\":4002}]", 
                "[{\"k\":1,\"v\":401185},{\"k\":5,\"v\":34908},{\"k\":11,\"v\":99609},{\"k\":13,\"v\":24733},{\"k\":1000,\"v\":145},{\"k\":1001,\"v\":30},{\"k\":1002,\"v\":3},{\"k\":1007,\"v\":1},{\"k\":2000,\"v\":1603332519},{\"k\":2001,\"v\":36042},{\"k\":3000,\"v\":{\"slot\":0,\"type\":1000016}},{\"k\":3000,\"v\":{\"args\":[],\"slot\":1,\"type\":2000026}},{\"k\":3000,\"v\":{\"slot\":0,\"type\":1000006}},{\"k\":3000,\"v\":{\"slot\":4,\"type\":2000038}},{\"k\":4001},{\"k\":4002}]", 
                "[{\"k\":1,\"v\":410590},{\"k\":1000,\"v\":201},{\"k\":1001,\"v\":30},{\"k\":1002,\"v\":0},{\"k\":1007,\"v\":1},{\"k\":2000,\"v\":1603332519},{\"k\":2001,\"v\":10248},{\"k\":4001},{\"k\":4002}]", 
                "[{\"k\":5,\"v\":14114},{\"k\":1000,\"v\":5000},{\"k\":1001,\"v\":1},{\"k\":1002,\"v\":1},{\"k\":1007,\"v\":1},{\"k\":2000,\"v\":1603332519},{\"k\":2001,\"v\":7500}]", 
                "[{\"k\":17,\"v\":2892},{\"k\":1000,\"v\":5000},{\"k\":1001,\"v\":1},{\"k\":1002,\"v\":1},{\"k\":1007,\"v\":1},{\"k\":2000,\"v\":1603332519},{\"k\":2001,\"v\":7500}]", 
                "[{\"k\":21,\"v\":16153},{\"k\":1000,\"v\":5001},{\"k\":1001,\"v\":1},{\"k\":1002,\"v\":1},{\"k\":1007,\"v\":1},{\"k\":2000,\"v\":1603332519},{\"k\":2001,\"v\":7500}]", 
                "[{\"k\":16,\"v\":2363},{\"k\":1000,\"v\":5000},{\"k\":1001,\"v\":1},{\"k\":1002,\"v\":2},{\"k\":1007,\"v\":1},{\"k\":2000,\"v\":1603332519},{\"k\":2001,\"v\":10356}]", 
                "[{\"k\":24,\"v\":1000},{\"k\":1000,\"v\":5001},{\"k\":1001,\"v\":1},{\"k\":1002,\"v\":0},{\"k\":1007,\"v\":1},{\"k\":2000,\"v\":1603332519},{\"k\":2001,\"v\":5096}]"
            ], 
            "time": 1598022000
        }, 
        {
            "list": ["[{\"k\":1,\"v\":205282},{\"k\":10,\"v\":8446},{\"k\":1000,\"v\":21},{\"k\":1001,\"v\":16},{\"k\":1002,\"v\":1},{\"k\":1007,\"v\":1},{\"k\":2000,\"v\":1603332519},{\"k\":2001,\"v\":15000},{\"k\":3000,\"v\":{\"slot\":1,\"type\":2000003}},{\"k\":4001},{\"k\":4002}]", 
                "[{\"k\":1,\"v\":169744},{\"k\":10,\"v\":72226},{\"k\":1000,\"v\":102},{\"k\":1001,\"v\":12},{\"k\":1002,\"v\":1},{\"k\":1007,\"v\":1},{\"k\":2000,\"v\":1603332519},{\"k\":2001,\"v\":15000},{\"k\":3000,\"v\":{\"args\":[],\"slot\":0,\"type\":1000022}},{\"k\":4001},{\"k\":4002}]", 
                "[{\"k\":1,\"v\":398776},{\"k\":9,\"v\":63689},{\"k\":45,\"v\":93447},{\"k\":1000,\"v\":398},{\"k\":1001,\"v\":30},{\"k\":1002,\"v\":2},{\"k\":1007,\"v\":1},{\"k\":2000,\"v\":1603332519},{\"k\":2001,\"v\":20632},{\"k\":3000,\"v\":{\"args\":[35664,73170],\"slot\":0,\"type\":1000014}},{\"k\":3000,\"v\":{\"args\":[],\"slot\":0,\"type\":1000022}},{\"k\":4001},{\"k\":4002}]", 
                "[{\"k\":1,\"v\":162034},{\"k\":1000,\"v\":16},{\"k\":1001,\"v\":12},{\"k\":1002,\"v\":0},{\"k\":1007,\"v\":1},{\"k\":2000,\"v\":1603332519},{\"k\":2001,\"v\":10496},{\"k\":4001},{\"k\":4002}]", 
                "[{\"k\":1,\"v\":362461},{\"k\":6,\"v\":16921},{\"k\":45,\"v\":91735},{\"k\":1000,\"v\":14},{\"k\":1001,\"v\":28},{\"k\":1002,\"v\":2},{\"k\":1007,\"v\":1},{\"k\":2000,\"v\":1603332519},{\"k\":2001,\"v\":22626},{\"k\":3000,\"v\":{\"args\":[98276,26250],\"slot\":0,\"type\":1000020}},{\"k\":3000,\"v\":{\"args\":[40054],\"slot\":1,\"type\":2000006}},{\"k\":4001},{\"k\":4002}]", 
                "[{\"k\":1,\"v\":210656},{\"k\":1000,\"v\":145},{\"k\":1001,\"v\":15},{\"k\":1002,\"v\":0},{\"k\":1007,\"v\":1},{\"k\":2000,\"v\":1603332519},{\"k\":2001,\"v\":10125},{\"k\":4001},{\"k\":4002}]", 
                "[{\"k\":1,\"v\":204015},{\"k\":10,\"v\":44047},{\"k\":1000,\"v\":217},{\"k\":1001,\"v\":16},{\"k\":1002,\"v\":1},{\"k\":1007,\"v\":1},{\"k\":2000,\"v\":1603332519},{\"k\":2001,\"v\":15000},{\"k\":3000,\"v\":{\"args\":[],\"slot\":1,\"type\":2000028}},{\"k\":4001},{\"k\":4002}]", 
                "[{\"k\":1,\"v\":120827},{\"k\":1000,\"v\":41},{\"k\":1001,\"v\":7},{\"k\":1002,\"v\":0},{\"k\":1007,\"v\":1},{\"k\":2000,\"v\":1603332519},{\"k\":2001,\"v\":10133},{\"k\":4001},{\"k\":4002}]", 
                "[{\"k\":1,\"v\":833981},{\"k\":1000,\"v\":4004},{\"k\":1001,\"v\":30},{\"k\":1002,\"v\":3},{\"k\":1007,\"v\":1},{\"k\":2000,\"v\":1603332519},{\"k\":2001,\"v\":37374},{\"k\":3000,\"v\":{\"args\":[],\"slot\":2,\"type\":2000031}}]", 
                "[{\"k\":1,\"v\":814493},{\"k\":1000,\"v\":4000},{\"k\":1001,\"v\":30},{\"k\":1002,\"v\":3},{\"k\":1007,\"v\":1},{\"k\":2000,\"v\":1603332519},{\"k\":2001,\"v\":38829},{\"k\":3000,\"v\":{\"args\":[],\"slot\":2,\"type\":2000029}}]", 
                "[{\"k\":1,\"v\":398960},{\"k\":12,\"v\":22217},{\"k\":1000,\"v\":259},{\"k\":1001,\"v\":30},{\"k\":1002,\"v\":1},{\"k\":1007,\"v\":1},{\"k\":2000,\"v\":1603332519},{\"k\":2001,\"v\":15000},{\"k\":3000,\"v\":{\"args\":[],\"slot\":0,\"type\":1000017}},{\"k\":4001},{\"k\":4002}]", 
                "[{\"k\":1,\"v\":413311},{\"k\":10,\"v\":52006},{\"k\":1000,\"v\":10},{\"k\":1001,\"v\":30},{\"k\":1002,\"v\":1},{\"k\":1007,\"v\":1},{\"k\":2000,\"v\":1603332519},{\"k\":2001,\"v\":15000},{\"k\":4001},{\"k\":4002}]", 
                "[{\"k\":1,\"v\":415432},{\"k\":6,\"v\":17882},{\"k\":9,\"v\":90368},{\"k\":13,\"v\":5656},{\"k\":1000,\"v\":277},{\"k\":1001,\"v\":30},{\"k\":1002,\"v\":3},{\"k\":1007,\"v\":1},{\"k\":2000,\"v\":1603332519},{\"k\":2001,\"v\":35468},{\"k\":3000,\"v\":{\"args\":[95596,24315],\"slot\":0,\"type\":1000020}},{\"k\":3000,\"v\":{\"slot\":1,\"type\":2000038}},{\"k\":3000,\"v\":{\"slot\":0,\"type\":1000007}},{\"k\":3000,\"v\":{\"args\":[43431],\"slot\":4,\"type\":2000006}},{\"k\":4001},{\"k\":4002}]", 
                "[{\"k\":1,\"v\":398182},{\"k\":10,\"v\":24183},{\"k\":1000,\"v\":90},{\"k\":1001,\"v\":30},{\"k\":1002,\"v\":1},{\"k\":1007,\"v\":1},{\"k\":2000,\"v\":1603332519},{\"k\":2001,\"v\":15000},{\"k\":3000,\"v\":{\"slot\":0,\"type\":1000026}},{\"k\":4001},{\"k\":4002}]", 
                "[{\"k\":1,\"v\":397064},{\"k\":13,\"v\":94719},{\"k\":1000,\"v\":110},{\"k\":1001,\"v\":30},{\"k\":1002,\"v\":1},{\"k\":1007,\"v\":1},{\"k\":2000,\"v\":1603332519},{\"k\":2001,\"v\":15000},{\"k\":3000,\"v\":{\"slot\":1,\"type\":2000024}},{\"k\":4001},{\"k\":4002}]", 
                "[{\"k\":22,\"v\":16188},{\"k\":1000,\"v\":5001},{\"k\":1001,\"v\":1},{\"k\":1002,\"v\":1},{\"k\":1007,\"v\":1},{\"k\":2000,\"v\":1603332519},{\"k\":2001,\"v\":7500}]", 
                "[{\"k\":26,\"v\":1271},{\"k\":1000,\"v\":5002},{\"k\":1001,\"v\":1},{\"k\":1002,\"v\":2},{\"k\":1007,\"v\":1},{\"k\":2000,\"v\":1603332519},{\"k\":2001,\"v\":11054}]", 
                "[{\"k\":19,\"v\":1294},{\"k\":1000,\"v\":5000},{\"k\":1001,\"v\":1},{\"k\":1002,\"v\":0},{\"k\":1007,\"v\":1},{\"k\":2000,\"v\":1603332519},{\"k\":2001,\"v\":5193}]", 
                "[{\"k\":9,\"v\":24447},{\"k\":1000,\"v\":5002},{\"k\":1001,\"v\":1},{\"k\":1002,\"v\":2},{\"k\":1007,\"v\":1},{\"k\":2000,\"v\":1603332519},{\"k\":2001,\"v\":10864}]", 
                "[{\"k\":23,\"v\":2409},{\"k\":1000,\"v\":5001},{\"k\":1001,\"v\":1},{\"k\":1002,\"v\":2},{\"k\":1007,\"v\":1},{\"k\":2000,\"v\":1603332519},{\"k\":2001,\"v\":11732}]"
            ], 
            "time": 1598626800
        }, 
        {
            "list": ["[{\"k\":1,\"v\":319143},{\"k\":9,\"v\":50186},{\"k\":13,\"v\":37284},{\"k\":1000,\"v\":259},{\"k\":1001,\"v\":25},{\"k\":1002,\"v\":2},{\"k\":1007,\"v\":1},{\"k\":2000,\"v\":1603332519},{\"k\":2001,\"v\":21132},{\"k\":3000,\"v\":{\"args\":[],\"slot\":0,\"type\":1000022}},{\"k\":3000,\"v\":{\"args\":[4754],\"slot\":1,\"type\":2000002}},{\"k\":4001},{\"k\":4002}]", 
                "[{\"k\":1,\"v\":399198},{\"k\":9,\"v\":90561},{\"k\":1000,\"v\":417},{\"k\":1001,\"v\":30},{\"k\":1002,\"v\":1},{\"k\":1007,\"v\":1},{\"k\":2000,\"v\":1603332519},{\"k\":2001,\"v\":15000},{\"k\":3000,\"v\":{\"args\":[],\"slot\":0,\"type\":1000022}},{\"k\":4001},{\"k\":4002}]", 
                "[{\"k\":1,\"v\":184484},{\"k\":5,\"v\":15606},{\"k\":12,\"v\":45473},{\"k\":45,\"v\":83504},{\"k\":1000,\"v\":45},{\"k\":1001,\"v\":14},{\"k\":1002,\"v\":3},{\"k\":1007,\"v\":1},{\"k\":2000,\"v\":1603332519},{\"k\":2001,\"v\":36982},{\"k\":3000,\"v\":{\"slot\":0,\"type\":1000016}},{\"k\":3000,\"v\":{\"slot\":1,\"type\":2000027}},{\"k\":3000,\"v\":{\"slot\":0,\"type\":1000008}},{\"k\":3000,\"v\":{\"args\":[8028],\"slot\":4,\"type\":2000006}},{\"k\":4001},{\"k\":4002}]", 
                "[{\"k\":1,\"v\":155392},{\"k\":10,\"v\":28610},{\"k\":12,\"v\":99927},{\"k\":1000,\"v\":103},{\"k\":1001,\"v\":10},{\"k\":1002,\"v\":2},{\"k\":1007,\"v\":1},{\"k\":2000,\"v\":1603332519},{\"k\":2001,\"v\":22082},{\"k\":3000,\"v\":{\"slot\":1,\"type\":2000000}},{\"k\":3000,\"v\":{\"slot\":0,\"type\":1000018}},{\"k\":4001},{\"k\":4002}]", 
                "[{\"k\":1,\"v\":292752},{\"k\":10,\"v\":50448},{\"k\":1000,\"v\":83},{\"k\":1001,\"v\":22},{\"k\":1002,\"v\":1},{\"k\":1007,\"v\":1},{\"k\":2000,\"v\":1603332519},{\"k\":2001,\"v\":15000},{\"k\":3000,\"v\":{\"args\":[],\"slot\":1,\"type\":2000001}},{\"k\":4001},{\"k\":4002}]", 
                "[{\"k\":1,\"v\":262297},{\"k\":12,\"v\":50526},{\"k\":1000,\"v\":98},{\"k\":1001,\"v\":21},{\"k\":1002,\"v\":1},{\"k\":1007,\"v\":1},{\"k\":2000,\"v\":1603332519},{\"k\":2001,\"v\":15000},{\"k\":3000,\"v\":{\"slot\":1,\"type\":2000000}},{\"k\":4001},{\"k\":4002}]", 
                "[{\"k\":1,\"v\":132925},{\"k\":1000,\"v\":22},{\"k\":1001,\"v\":6},{\"k\":1002,\"v\":0},{\"k\":1007,\"v\":1},{\"k\":2000,\"v\":1603332519},{\"k\":2001,\"v\":10446},{\"k\":4001},{\"k\":4002}]", 
                "[{\"k\":1,\"v\":158218},{\"k\":1000,\"v\":107},{\"k\":1001,\"v\":9},{\"k\":1002,\"v\":0},{\"k\":1007,\"v\":1},{\"k\":2000,\"v\":1603332519},{\"k\":2001,\"v\":10136},{\"k\":4001},{\"k\":4002}]", 
                "[{\"k\":1,\"v\":628131},{\"k\":1000,\"v\":4064},{\"k\":1001,\"v\":30},{\"k\":1002,\"v\":2},{\"k\":1007,\"v\":1},{\"k\":2000,\"v\":1603332519},{\"k\":2001,\"v\":24269},{\"k\":3000,\"v\":{\"args\":[],\"slot\":2,\"type\":2000004}}]", 
                "[{\"k\":1,\"v\":426545},{\"k\":10,\"v\":36373},{\"k\":13,\"v\":16966},{\"k\":45,\"v\":39811},{\"k\":1000,\"v\":60},{\"k\":1001,\"v\":30},{\"k\":1002,\"v\":3},{\"k\":1007,\"v\":1},{\"k\":2000,\"v\":1603332519},{\"k\":2001,\"v\":39169},{\"k\":3000,\"v\":{\"slot\":0,\"type\":1000027}},{\"k\":3000,\"v\":{\"args\":[],\"slot\":1,\"type\":2000019}},{\"k\":3000,\"v\":{\"slot\":0,\"type\":1000007}},{\"k\":3000,\"v\":{\"slot\":4,\"type\":2000020}},{\"k\":4001},{\"k\":4002}]", 
                "[{\"k\":1,\"v\":423911},{\"k\":5,\"v\":85656},{\"k\":11,\"v\":92262},{\"k\":12,\"v\":3412},{\"k\":1000,\"v\":417},{\"k\":1001,\"v\":30},{\"k\":1002,\"v\":3},{\"k\":1007,\"v\":1},{\"k\":2000,\"v\":1603332519},{\"k\":2001,\"v\":38111},{\"k\":3000,\"v\":{\"args\":[],\"slot\":0,\"type\":1000023}},{\"k\":3000,\"v\":{\"slot\":1,\"type\":2000027}},{\"k\":3000,\"v\":{\"slot\":0,\"type\":1000006}},{\"k\":3000,\"v\":{\"slot\":4,\"type\":2000046}},{\"k\":4001},{\"k\":4002}]", 
                "[{\"k\":1,\"v\":425981},{\"k\":6,\"v\":42392},{\"k\":10,\"v\":13942},{\"k\":11,\"v\":28537},{\"k\":1000,\"v\":21},{\"k\":1001,\"v\":30},{\"k\":1002,\"v\":3},{\"k\":1007,\"v\":1},{\"k\":2000,\"v\":1603332519},{\"k\":2001,\"v\":36881},{\"k\":3000,\"v\":{\"args\":[],\"slot\":0,\"type\":1000000}},{\"k\":3000,\"v\":{\"args\":[28104],\"slot\":1,\"type\":2000032}},{\"k\":3000,\"v\":{\"slot\":0,\"type\":1000009}},{\"k\":3000,\"v\":{\"args\":[71840],\"slot\":4,\"type\":2000002}},{\"k\":4001},{\"k\":4002}]", 
                "[{\"k\":1,\"v\":830365},{\"k\":1000,\"v\":2008},{\"k\":1001,\"v\":30},{\"k\":1002,\"v\":2},{\"k\":1007,\"v\":1},{\"k\":2000,\"v\":1603332519},{\"k\":2001,\"v\":20386},{\"k\":3000,\"v\":{\"args\":[],\"slot\":3,\"type\":2008}}]", 
                "[{\"k\":1,\"v\":413793},{\"k\":10,\"v\":55987},{\"k\":12,\"v\":96410},{\"k\":1000,\"v\":16},{\"k\":1001,\"v\":30},{\"k\":1002,\"v\":2},{\"k\":1007,\"v\":1},{\"k\":2000,\"v\":1603332519},{\"k\":2001,\"v\":22287},{\"k\":4001},{\"k\":4002}]", 
                "[{\"k\":1,\"v\":421463},{\"k\":9,\"v\":7646},{\"k\":1000,\"v\":70},{\"k\":1001,\"v\":30},{\"k\":1002,\"v\":1},{\"k\":1007,\"v\":1},{\"k\":2000,\"v\":1603332519},{\"k\":2001,\"v\":15000},{\"k\":4001},{\"k\":4002}]", 
                "[{\"k\":9,\"v\":-25000},{\"k\":1000,\"v\":5002},{\"k\":1001,\"v\":1},{\"k\":1002,\"v\":0},{\"k\":1007,\"v\":1},{\"k\":2000,\"v\":1603332519},{\"k\":2001,\"v\":5155}]", 
                "[{\"k\":5,\"v\":-3004},{\"k\":1000,\"v\":5000},{\"k\":1001,\"v\":1},{\"k\":1002,\"v\":0},{\"k\":1007,\"v\":1},{\"k\":2000,\"v\":1603332519},{\"k\":2001,\"v\":5112}]", 
                "[{\"k\":26,\"v\":1000},{\"k\":1000,\"v\":5002},{\"k\":1001,\"v\":1},{\"k\":1002,\"v\":0},{\"k\":1007,\"v\":1},{\"k\":2000,\"v\":1603332519},{\"k\":2001,\"v\":5062}]", 
                "[{\"k\":14,\"v\":2526},{\"k\":1000,\"v\":5000},{\"k\":1001,\"v\":1},{\"k\":1002,\"v\":1},{\"k\":1007,\"v\":1},{\"k\":2000,\"v\":1603332519},{\"k\":2001,\"v\":7500}]", 
                "[{\"k\":22,\"v\":11062},{\"k\":1000,\"v\":5001},{\"k\":1001,\"v\":1},{\"k\":1002,\"v\":1},{\"k\":1007,\"v\":1},{\"k\":2000,\"v\":1603332519},{\"k\":2001,\"v\":7500}]"
            ], 
            "time": 1599231600
        }, 
        {
            "list": ["[{\"k\":1,\"v\":188265},{\"k\":11,\"v\":82545},{\"k\":1000,\"v\":373},{\"k\":1001,\"v\":14},{\"k\":1002,\"v\":1},{\"k\":1007,\"v\":1},{\"k\":2000,\"v\":1603332519},{\"k\":2001,\"v\":15000},{\"k\":4001},{\"k\":4002}]", 
                "[{\"k\":1,\"v\":223299},{\"k\":1000,\"v\":7},{\"k\":1001,\"v\":17},{\"k\":1002,\"v\":0},{\"k\":1007,\"v\":1},{\"k\":2000,\"v\":1603332519},{\"k\":2001,\"v\":10039},{\"k\":4001},{\"k\":4002}]", 
                "[{\"k\":1,\"v\":270230},{\"k\":1000,\"v\":108},{\"k\":1001,\"v\":21},{\"k\":1002,\"v\":0},{\"k\":1007,\"v\":1},{\"k\":2000,\"v\":1603332519},{\"k\":2001,\"v\":10320},{\"k\":4001},{\"k\":4002}]", 
                "[{\"k\":1,\"v\":117330},{\"k\":5,\"v\":13474},{\"k\":6,\"v\":14727},{\"k\":1000,\"v\":58},{\"k\":1001,\"v\":5},{\"k\":1002,\"v\":2},{\"k\":1007,\"v\":1},{\"k\":2000,\"v\":1603332519},{\"k\":2001,\"v\":24673},{\"k\":3000,\"v\":{\"args\":[73649,36928],\"slot\":0,\"type\":1000020}},{\"k\":3000,\"v\":{\"slot\":1,\"type\":2000046}},{\"k\":4001},{\"k\":4002}]", 
                "[{\"k\":1,\"v\":121189},{\"k\":1000,\"v\":145},{\"k\":1001,\"v\":6},{\"k\":1002,\"v\":0},{\"k\":1007,\"v\":1},{\"k\":2000,\"v\":1603332519},{\"k\":2001,\"v\":10450},{\"k\":4001},{\"k\":4002}]", 
                "[{\"k\":1,\"v\":298176},{\"k\":1000,\"v\":2004},{\"k\":1001,\"v\":16},{\"k\":1002,\"v\":1},{\"k\":1007,\"v\":1},{\"k\":2000,\"v\":1603332519},{\"k\":2001,\"v\":15000},{\"k\":3000,\"v\":{\"args\":[],\"slot\":3,\"type\":2004}}]", 
                "[{\"k\":1,\"v\":125511},{\"k\":1000,\"v\":26},{\"k\":1001,\"v\":5},{\"k\":1002,\"v\":0},{\"k\":1007,\"v\":1},{\"k\":2000,\"v\":1603332519},{\"k\":2001,\"v\":10132},{\"k\":4001},{\"k\":4002}]", 
                "[{\"k\":1,\"v\":275014},{\"k\":1000,\"v\":2011},{\"k\":1001,\"v\":13},{\"k\":1002,\"v\":1},{\"k\":1007,\"v\":1},{\"k\":2000,\"v\":1603332519},{\"k\":2001,\"v\":15000},{\"k\":3000,\"v\":{\"args\":[],\"slot\":3,\"type\":2011}}]", 
                "[{\"k\":1,\"v\":424368},{\"k\":9,\"v\":35183},{\"k\":1000,\"v\":70},{\"k\":1001,\"v\":30},{\"k\":1002,\"v\":1},{\"k\":1007,\"v\":1},{\"k\":2000,\"v\":1603332519},{\"k\":2001,\"v\":15000},{\"k\":4001},{\"k\":4002}]", 
                "[{\"k\":1,\"v\":421225},{\"k\":5,\"v\":50513},{\"k\":6,\"v\":60717},{\"k\":10,\"v\":58657},{\"k\":1000,\"v\":22},{\"k\":1001,\"v\":30},{\"k\":1002,\"v\":3},{\"k\":1007,\"v\":1},{\"k\":2000,\"v\":1603332519},{\"k\":2001,\"v\":36445},{\"k\":3000,\"v\":{\"args\":[],\"slot\":0,\"type\":1000000}},{\"k\":3000,\"v\":{\"args\":[],\"slot\":1,\"type\":2000019}},{\"k\":3000,\"v\":{\"slot\":0,\"type\":1000011}},{\"k\":3000,\"v\":{\"slot\":4,\"type\":2000003}},{\"k\":4001},{\"k\":4002}]", 
                "[{\"k\":1,\"v\":411235},{\"k\":6,\"v\":2745},{\"k\":1000,\"v\":221},{\"k\":1001,\"v\":30},{\"k\":1002,\"v\":1},{\"k\":1007,\"v\":1},{\"k\":2000,\"v\":1603332519},{\"k\":2001,\"v\":15000},{\"k\":3000,\"v\":{\"args\":[53011],\"slot\":1,\"type\":2000006}},{\"k\":4001},{\"k\":4002}]", 
                "[{\"k\":1,\"v\":422669},{\"k\":6,\"v\":65933},{\"k\":13,\"v\":5067},{\"k\":45,\"v\":96942},{\"k\":1000,\"v\":65},{\"k\":1001,\"v\":30},{\"k\":1002,\"v\":3},{\"k\":1007,\"v\":1},{\"k\":2000,\"v\":1603332519},{\"k\":2001,\"v\":39567},{\"k\":3000,\"v\":{\"slot\":0,\"type\":1000016}},{\"k\":3000,\"v\":{\"args\":[],\"slot\":1,\"type\":2000018}},{\"k\":3000,\"v\":{\"slot\":0,\"type\":1000007}},{\"k\":3000,\"v\":{\"slot\":6,\"type\":2000014}},{\"k\":4001},{\"k\":4002}]", 
                "[{\"k\":1,\"v\":409179},{\"k\":5,\"v\":98535},{\"k\":9,\"v\":35633},{\"k\":1000,\"v\":135},{\"k\":1001,\"v\":30},{\"k\":1002,\"v\":2},{\"k\":1007,\"v\":1},{\"k\":2000,\"v\":1603332519},{\"k\":2001,\"v\":20399},{\"k\":3000,\"v\":{\"slot\":0,\"type\":1000027}},{\"k\":3000,\"v\":{\"args\":[],\"slot\":1,\"type\":2000018}},{\"k\":4001},{\"k\":4002}]", 
                "[{\"k\":1,\"v\":402962},{\"k\":12,\"v\":35240},{\"k\":1000,\"v\":28},{\"k\":1001,\"v\":30},{\"k\":1002,\"v\":1},{\"k\":1007,\"v\":1},{\"k\":2000,\"v\":1603332519},{\"k\":2001,\"v\":15000},{\"k\":3000,\"v\":{\"slot\":1,\"type\":2000024}},{\"k\":4001},{\"k\":4002}]", 
                "[{\"k\":1,\"v\":401663},{\"k\":11,\"v\":33757},{\"k\":12,\"v\":24078},{\"k\":1000,\"v\":66},{\"k\":1001,\"v\":30},{\"k\":1002,\"v\":2},{\"k\":1007,\"v\":1},{\"k\":2000,\"v\":1603332519},{\"k\":2001,\"v\":24490},{\"k\":3000,\"v\":{\"slot\":1,\"type\":2000000}},{\"k\":3000,\"v\":{\"slot\":0,\"type\":1000026}},{\"k\":4001},{\"k\":4002}]", 
                "[{\"k\":15,\"v\":6257},{\"k\":1000,\"v\":5000},{\"k\":1001,\"v\":1},{\"k\":1002,\"v\":2},{\"k\":1007,\"v\":1},{\"k\":2000,\"v\":1603332519},{\"k\":2001,\"v\":11346}]", 
                "[{\"k\":15,\"v\":2956},{\"k\":1000,\"v\":5000},{\"k\":1001,\"v\":1},{\"k\":1002,\"v\":0},{\"k\":1007,\"v\":1},{\"k\":2000,\"v\":1603332519},{\"k\":2001,\"v\":5079}]", 
                "[{\"k\":24,\"v\":2484},{\"k\":1000,\"v\":5001},{\"k\":1001,\"v\":1},{\"k\":1002,\"v\":1},{\"k\":1007,\"v\":1},{\"k\":2000,\"v\":1603332519},{\"k\":2001,\"v\":7500}]", 
                "[{\"k\":9,\"v\":-2973},{\"k\":1000,\"v\":5002},{\"k\":1001,\"v\":1},{\"k\":1002,\"v\":1},{\"k\":1007,\"v\":1},{\"k\":2000,\"v\":1603332519},{\"k\":2001,\"v\":7500}]", 
                "[{\"k\":19,\"v\":1286},{\"k\":1000,\"v\":5000},{\"k\":1001,\"v\":1},{\"k\":1002,\"v\":1},{\"k\":1007,\"v\":1},{\"k\":2000,\"v\":1603332519},{\"k\":2001,\"v\":7500}]"
            ], 
            "time": 1599836400
        }, 
        {
            "list": ["[{\"k\":1,\"v\":272938},{\"k\":45,\"v\":94234},{\"k\":1000,\"v\":172},{\"k\":1001,\"v\":22},{\"k\":1002,\"v\":1},{\"k\":1007,\"v\":1},{\"k\":2000,\"v\":1603332519},{\"k\":2001,\"v\":15000},{\"k\":3000,\"v\":{\"slot\":0,\"type\":1000018}},{\"k\":4001},{\"k\":4002}]", 
                "[{\"k\":1,\"v\":567068},{\"k\":1000,\"v\":2011},{\"k\":1001,\"v\":11},{\"k\":1002,\"v\":3},{\"k\":1007,\"v\":1},{\"k\":2000,\"v\":1603332519},{\"k\":2001,\"v\":39310},{\"k\":3000,\"v\":{\"args\":[],\"slot\":3,\"type\":2011}}]", 
                "[{\"k\":1,\"v\":204299},{\"k\":11,\"v\":28662},{\"k\":1000,\"v\":160},{\"k\":1001,\"v\":15},{\"k\":1002,\"v\":1},{\"k\":1007,\"v\":1},{\"k\":2000,\"v\":1603332519},{\"k\":2001,\"v\":15000},{\"k\":3000,\"v\":{\"args\":[],\"slot\":1,\"type\":2000018}},{\"k\":4001},{\"k\":4002}]", 
                "[{\"k\":1,\"v\":136946},{\"k\":45,\"v\":85160},{\"k\":1000,\"v\":259},{\"k\":1001,\"v\":7},{\"k\":1002,\"v\":1},{\"k\":1007,\"v\":1},{\"k\":2000,\"v\":1603332519},{\"k\":2001,\"v\":15000},{\"k\":3000,\"v\":{\"args\":[30773,93574],\"slot\":0,\"type\":1000014}},{\"k\":4001},{\"k\":4002}]", 
                "[{\"k\":1,\"v\":370242},{\"k\":5,\"v\":4444},{\"k\":9,\"v\":18422},{\"k\":13,\"v\":30398},{\"k\":1000,\"v\":145},{\"k\":1001,\"v\":27},{\"k\":1002,\"v\":3},{\"k\":1007,\"v\":1},{\"k\":2000,\"v\":1603332519},{\"k\":2001,\"v\":35752},{\"k\":3000,\"v\":{\"args\":[],\"slot\":0,\"type\":1000000}},{\"k\":3000,\"v\":{\"slot\":1,\"type\":2000047}},{\"k\":3000,\"v\":{\"slot\":0,\"type\":1000006}},{\"k\":3000,\"v\":{\"slot\":4,\"type\":2000027}},{\"k\":4001},{\"k\":4002}]", 
                "[{\"k\":1,\"v\":115159},{\"k\":9,\"v\":29006},{\"k\":1000,\"v\":417},{\"k\":1001,\"v\":6},{\"k\":1002,\"v\":1},{\"k\":1007,\"v\":1},{\"k\":2000,\"v\":1603332519},{\"k\":2001,\"v\":15000},{\"k\":3000,\"v\":{\"slot\":0,\"type\":1000018}},{\"k\":4001},{\"k\":4002}]", 
                "[{\"k\":1,\"v\":193988},{\"k\":1000,\"v\":217},{\"k\":1001,\"v\":13},{\"k\":1002,\"v\":0},{\"k\":1007,\"v\":1},{\"k\":2000,\"v\":1603332519},{\"k\":2001,\"v\":10210},{\"k\":4001},{\"k\":4002}]", 
                "[{\"k\":1,\"v\":291335},{\"k\":10,\"v\":34895},{\"k\":11,\"v\":45523},{\"k\":12,\"v\":13827},{\"k\":1000,\"v\":66},{\"k\":1001,\"v\":22},{\"k\":1002,\"v\":3},{\"k\":1007,\"v\":1},{\"k\":2000,\"v\":1603332519},{\"k\":2001,\"v\":35346},{\"k\":3000,\"v\":{\"slot\":1,\"type\":2000000}},{\"k\":3000,\"v\":{\"args\":[],\"slot\":0,\"type\":1000000}},{\"k\":3000,\"v\":{\"slot\":0,\"type\":1000009}},{\"k\":3000,\"v\":{\"slot\":4,\"type\":2000047}},{\"k\":4001},{\"k\":4002}]", 
                "[{\"k\":1,\"v\":423345},{\"k\":5,\"v\":69005},{\"k\":13,\"v\":50197},{\"k\":1000,\"v\":172},{\"k\":1001,\"v\":30},{\"k\":1002,\"v\":2},{\"k\":1007,\"v\":1},{\"k\":2000,\"v\":1603332519},{\"k\":2001,\"v\":24606},{\"k\":3000,\"v\":{\"args\":[62424],\"slot\":0,\"type\":1000019}},{\"k\":3000,\"v\":{\"args\":[],\"slot\":1,\"type\":2000019}},{\"k\":4001},{\"k\":4002}]", 
                "[{\"k\":1,\"v\":412515},{\"k\":6,\"v\":29710},{\"k\":1000,\"v\":110},{\"k\":1001,\"v\":30},{\"k\":1002,\"v\":1},{\"k\":1007,\"v\":1},{\"k\":2000,\"v\":1603332519},{\"k\":2001,\"v\":15000},{\"k\":3000,\"v\":{\"slot\":0,\"type\":1000018}},{\"k\":4001},{\"k\":4002}]", 
                "[{\"k\":1,\"v\":426210},{\"k\":9,\"v\":55576},{\"k\":12,\"v\":21160},{\"k\":1000,\"v\":8},{\"k\":1001,\"v\":30},{\"k\":1002,\"v\":2},{\"k\":1007,\"v\":1},{\"k\":2000,\"v\":1603332519},{\"k\":2001,\"v\":21104},{\"k\":3000,\"v\":{\"args\":[25625],\"slot\":0,\"type\":1000019}},{\"k\":3000,\"v\":{\"slot\":1,\"type\":2000046}},{\"k\":4001},{\"k\":4002}]", 
                "[{\"k\":1,\"v\":417319},{\"k\":6,\"v\":34581},{\"k\":12,\"v\":44915},{\"k\":45,\"v\":12930},{\"k\":1000,\"v\":103},{\"k\":1001,\"v\":30},{\"k\":1002,\"v\":3},{\"k\":1007,\"v\":1},{\"k\":2000,\"v\":1603332519},{\"k\":2001,\"v\":39860},{\"k\":3000,\"v\":{\"slot\":1,\"type\":2000000}},{\"k\":3000,\"v\":{\"args\":[],\"slot\":0,\"type\":1000000}},{\"k\":3000,\"v\":{\"slot\":0,\"type\":1000004}},{\"k\":3000,\"v\":{\"slot\":4,\"type\":2000045}},{\"k\":4001},{\"k\":4002}]", 
                "[{\"k\":1,\"v\":406557},{\"k\":6,\"v\":65427},{\"k\":1000,\"v\":74},{\"k\":1001,\"v\":30},{\"k\":1002,\"v\":1},{\"k\":1007,\"v\":1},{\"k\":2000,\"v\":1603332519},{\"k\":2001,\"v\":15000},{\"k\":3000,\"v\":{\"args\":[],\"slot\":1,\"type\":2000025}},{\"k\":4001},{\"k\":4002}]", 
                "[{\"k\":1,\"v\":417220},{\"k\":6,\"v\":15},{\"k\":1000,\"v\":7},{\"k\":1001,\"v\":30},{\"k\":1002,\"v\":1},{\"k\":1007,\"v\":1},{\"k\":2000,\"v\":1603332519},{\"k\":2001,\"v\":15000},{\"k\":3000,\"v\":{\"args\":[30738],\"slot\":0,\"type\":1000019}},{\"k\":4001},{\"k\":4002}]", 
                "[{\"k\":1,\"v\":629516},{\"k\":1000,\"v\":2011},{\"k\":1001,\"v\":30},{\"k\":1002,\"v\":1},{\"k\":1007,\"v\":1},{\"k\":2000,\"v\":1603332519},{\"k\":2001,\"v\":15000},{\"k\":3000,\"v\":{\"args\":[],\"slot\":3,\"type\":2011}}]", 
                "[{\"k\":15,\"v\":6920},{\"k\":1000,\"v\":5000},{\"k\":1001,\"v\":1},{\"k\":1002,\"v\":2},{\"k\":1007,\"v\":1},{\"k\":2000,\"v\":1603332519},{\"k\":2001,\"v\":11333}]", 
                "[{\"k\":22,\"v\":23635},{\"k\":1000,\"v\":5001},{\"k\":1001,\"v\":1},{\"k\":1002,\"v\":2},{\"k\":1007,\"v\":1},{\"k\":2000,\"v\":1603332519},{\"k\":2001,\"v\":10743}]", 
                "[{\"k\":6,\"v\":39286},{\"k\":1000,\"v\":5000},{\"k\":1001,\"v\":1},{\"k\":1002,\"v\":1},{\"k\":1007,\"v\":1},{\"k\":2000,\"v\":1603332519},{\"k\":2001,\"v\":7500}]", 
                "[{\"k\":25,\"v\":5669},{\"k\":1000,\"v\":5002},{\"k\":1001,\"v\":1},{\"k\":1002,\"v\":1},{\"k\":1007,\"v\":1},{\"k\":2000,\"v\":1603332519},{\"k\":2001,\"v\":7500}]", 
                "[{\"k\":5,\"v\":24558},{\"k\":1000,\"v\":5000},{\"k\":1001,\"v\":1},{\"k\":1002,\"v\":2},{\"k\":1007,\"v\":1},{\"k\":2000,\"v\":1603332519},{\"k\":2001,\"v\":10185}]"
            ], 
            "time": 1600441200
        }
    ]
}